Symbol,Date,Close
INVESTMENT,2021-02-28,95.87
INVESTMENT,2021-03-01,97.66
INVESTMENT,2021-03-02,95.74
INVESTMENT,2021-03-03,93.48
INVESTMENT,2021-03-04,98.39
INVESTMENT,2021-03-07,96.64
INVESTMENT,2021-03-09,95.31
INVESTMENT,2021-03-10,95.33
INVESTMENT,2021-03-14,92.78
INVESTMENT,2021-03-15,93.3
INVESTMENT,2021-03-16,93.51
INVESTMENT,2021-03-17,94.77
INVESTMENT,2021-03-18,96.73
INVESTMENT,2021-03-21,97.97
INVESTMENT,2021-03-22,96.57
INVESTMENT,2021-03-23,97.6
INVESTMENT,2021-03-24,102.53
INVESTMENT,2021-03-25,103.72
INVESTMENT,2021-03-29,103.66
INVESTMENT,2021-03-30,104.03
INVESTMENT,2021-03-31,105.82
INVESTMENT,2021-04-01,104.73
INVESTMENT,2021-04-04,102.27
INVESTMENT,2021-04-05,101.41
INVESTMENT,2021-04-06,104.12
INVESTMENT,2021-04-07,102.4
INVESTMENT,2021-04-08,101.97
INVESTMENT,2021-04-12,101.64
INVESTMENT,2021-04-13,101.18
INVESTMENT,2021-04-15,102.77
INVESTMENT,2021-04-18,102.32
INVESTMENT,2021-04-19,101.74
INVESTMENT,2021-04-20,100.69
INVESTMENT,2021-04-21,99.26
INVESTMENT,2021-04-22,99.43
INVESTMENT,2021-04-25,96.07
INVESTMENT,2021-04-26,93.32
INVESTMENT,2021-04-27,97.66
INVESTMENT,2021-04-28,97.57
INVESTMENT,2021-04-29,97.45
INVESTMENT,2021-05-02,98.2
INVESTMENT,2021-05-03,98.66
INVESTMENT,2021-05-04,98.88
INVESTMENT,2021-05-05,98.37
INVESTMENT,2021-05-06,98.52
INVESTMENT,2021-05-09,97.66
INVESTMENT,2021-05-10,98.66
INVESTMENT,2021-05-11,100.15
INVESTMENT,2021-05-12,100.91
INVESTMENT,2021-05-13,100.51
INVESTMENT,2021-05-16,102.55
INVESTMENT,2021-05-17,102.8
INVESTMENT,2021-05-18,105.66
INVESTMENT,2021-05-19,103.8
INVESTMENT,2021-05-20,103.06
INVESTMENT,2021-05-23,103.14
INVESTMENT,2021-05-24,104.56
INVESTMENT,2021-05-25,103.38
INVESTMENT,2021-05-27,102.71
INVESTMENT,2021-05-30,102.43
INVESTMENT,2021-05-31,101.46
INVESTMENT,2021-06-01,100.61
INVESTMENT,2021-06-02,101.52
INVESTMENT,2021-06-03,101.59
INVESTMENT,2021-06-06,105.62
INVESTMENT,2021-06-07,105.53
INVESTMENT,2021-06-08,104.63
INVESTMENT,2021-06-09,103.61
INVESTMENT,2021-06-10,104.72
INVESTMENT,2021-06-13,107.21
INVESTMENT,2021-06-14,110.93
INVESTMENT,2021-06-15,113.22
INVESTMENT,2021-06-16,110.33
INVESTMENT,2021-06-17,110.12
INVESTMENT,2021-06-20,107.92
INVESTMENT,2021-06-21,107.4
INVESTMENT,2021-06-22,111.93
INVESTMENT,2021-06-23,110.91
INVESTMENT,2021-06-24,109.18
INVESTMENT,2021-06-27,109.76
INVESTMENT,2021-06-28,112.11
INVESTMENT,2021-06-29,108.26
INVESTMENT,2021-06-30,105.87
INVESTMENT,2021-07-01,107.08
INVESTMENT,2021-07-04,106.63
INVESTMENT,2021-07-05,107.22
INVESTMENT,2021-07-06,104.94
INVESTMENT,2021-07-07,104.09
INVESTMENT,2021-07-08,105.22
INVESTMENT,2021-07-11,108.04
INVESTMENT,2021-07-12,105.17
INVESTMENT,2021-07-13,105.52
INVESTMENT,2021-07-14,106.28
INVESTMENT,2021-07-15,106.26
INVESTMENT,2021-07-18,107.97
INVESTMENT,2021-07-19,109.83
INVESTMENT,2021-07-20,108.79
INVESTMENT,2021-07-22,108.49
INVESTMENT,2021-07-25,108.48
INVESTMENT,2021-07-26,108.33
INVESTMENT,2021-07-27,111.37
INVESTMENT,2021-07-28,114.6
INVESTMENT,2021-07-29,113.3
INVESTMENT,2021-08-01,115.13
INVESTMENT,2021-08-02,117.07
INVESTMENT,2021-08-03,117.28
INVESTMENT,2021-08-04,117.59
INVESTMENT,2021-08-05,115.63
INVESTMENT,2021-08-08,115.6
INVESTMENT,2021-08-09,115.26
INVESTMENT,2021-08-10,117.41
INVESTMENT,2021-08-11,116.34
INVESTMENT,2021-08-12,118.04
INVESTMENT,2021-08-15,118.77
INVESTMENT,2021-08-16,121.45
INVESTMENT,2021-08-17,121.52
INVESTMENT,2021-08-18,123.28
INVESTMENT,2021-08-19,118.35
INVESTMENT,2021-08-24,113.1
INVESTMENT,2021-08-25,110.89
INVESTMENT,2021-08-26,110.81
INVESTMENT,2021-08-29,108.8
INVESTMENT,2021-08-31,106.03
INVESTMENT,2021-09-01,106.11
INVESTMENT,2021-09-02,102.63
INVESTMENT,2021-09-05,97.71
INVESTMENT,2021-09-06,104.38
INVESTMENT,2021-09-07,103.94
INVESTMENT,2021-09-08,101.36
INVESTMENT,2021-09-09,101.53
INVESTMENT,2021-09-12,103.88
INVESTMENT,2021-09-13,103.24
INVESTMENT,2021-09-14,102.46
INVESTMENT,2021-09-15,100.56
INVESTMENT,2021-09-16,98.22
INVESTMENT,2021-09-20,92.93
INVESTMENT,2021-09-21,94.05
INVESTMENT,2021-09-22,97.94
INVESTMENT,2021-09-23,95.79
INVESTMENT,2021-09-26,92.46
INVESTMENT,2021-09-27,89.59
INVESTMENT,2021-09-28,86.05
INVESTMENT,2021-09-29,88.04
INVESTMENT,2021-09-30,86.95
INVESTMENT,2021-10-03,83.62
INVESTMENT,2021-10-04,82.98
INVESTMENT,2021-10-05,83.87
INVESTMENT,2021-10-06,86.06
INVESTMENT,2021-10-10,85.44
INVESTMENT,2021-10-11,85.44
INVESTMENT,2021-10-17,86.53
INVESTMENT,2021-10-18,84.35
INVESTMENT,2021-10-19,81.95
INVESTMENT,2021-10-20,83.43
INVESTMENT,2021-10-21,83.0
INVESTMENT,2021-10-24,83.34
INVESTMENT,2021-10-25,87.01
INVESTMENT,2021-10-26,90.92
INVESTMENT,2021-10-27,90.92
INVESTMENT,2021-10-28,91.29
INVESTMENT,2021-10-31,94.22
INVESTMENT,2021-11-01,94.57
INVESTMENT,2021-11-02,94.41
INVESTMENT,2021-11-03,94.23
INVESTMENT,2021-11-08,94.86
INVESTMENT,2021-11-09,92.32
INVESTMENT,2021-11-11,89.51
INVESTMENT,2021-11-14,86.32
INVESTMENT,2021-11-15,88.01
INVESTMENT,2021-11-16,89.6
INVESTMENT,2021-11-17,89.08
INVESTMENT,2021-11-18,87.58
INVESTMENT,2021-11-21,86.83
INVESTMENT,2021-11-22,87.55
INVESTMENT,2021-11-23,86.22
INVESTMENT,2021-11-24,86.77
INVESTMENT,2021-11-25,86.28
INVESTMENT,2021-11-28,83.25
INVESTMENT,2021-11-29,82.61
INVESTMENT,2021-11-30,82.18
INVESTMENT,2021-12-01,82.34
INVESTMENT,2021-12-02,80.88
INVESTMENT,2021-12-05,78.17
INVESTMENT,2021-12-06,78.84
INVESTMENT,2021-12-07,78.1
INVESTMENT,2021-12-08,76.16
INVESTMENT,2021-12-09,76.27
INVESTMENT,2021-12-12,73.05
INVESTMENT,2021-12-13,69.5
INVESTMENT,2021-12-14,75.06
INVESTMENT,2021-12-15,75.52
INVESTMENT,2021-12-16,74.0
INVESTMENT,2021-12-20,73.63
INVESTMENT,2021-12-21,75.05
INVESTMENT,2021-12-22,78.94
INVESTMENT,2021-12-23,79.01
INVESTMENT,2021-12-26,81.39
INVESTMENT,2021-12-27,78.35
INVESTMENT,2021-12-28,77.98
INVESTMENT,2021-12-29,77.73
INVESTMENT,2022-01-02,79.41
INVESTMENT,2022-01-03,80.89
INVESTMENT,2022-01-04,83.43
INVESTMENT,2022-01-05,82.13
INVESTMENT,2022-01-06,83.74
INVESTMENT,2022-01-09,87.21
INVESTMENT,2022-01-10,88.15
INVESTMENT,2022-01-11,90.08
INVESTMENT,2022-01-12,92.9
INVESTMENT,2022-01-13,95.95
INVESTMENT,2022-01-16,97.86
INVESTMENT,2022-01-17,97.6
INVESTMENT,2022-01-18,95.27
INVESTMENT,2022-01-19,93.76
INVESTMENT,2022-01-20,95.72
INVESTMENT,2022-01-23,94.63
INVESTMENT,2022-01-24,91.41
INVESTMENT,2022-01-25,91.04
INVESTMENT,2022-01-26,89.06
INVESTMENT,2022-01-27,89.54
INVESTMENT,2022-01-30,95.22
INVESTMENT,2022-01-31,97.3
INVESTMENT,2022-02-01,97.41
INVESTMENT,2022-02-03,96.84
INVESTMENT,2022-02-06,95.57
INVESTMENT,2022-02-07,98.49
INVESTMENT,2022-02-08,97.05
INVESTMENT,2022-02-09,96.09
INVESTMENT,2022-02-10,95.53
INVESTMENT,2022-02-13,90.73
INVESTMENT,2022-02-14,90.73
INVESTMENT,2022-02-15,92.99
INVESTMENT,2022-02-16,91.58
INVESTMENT,2022-02-17,91.24
INVESTMENT,2022-02-20,89.5
INVESTMENT,2022-02-21,90.6
INVESTMENT,2022-02-22,90.44
INVESTMENT,2022-02-23,90.3
INVESTMENT,2022-02-24,88.22
INVESTMENT,2022-02-27,88.06
INVESTMENT,2022-02-28,86.15
INVESTMENT,2022-03-02,83.42
INVESTMENT,2022-03-06,83.25
INVESTMENT,2022-03-07,82.69
INVESTMENT,2022-03-09,81.28
INVESTMENT,2022-03-10,84.69
INVESTMENT,2022-03-13,88.49
INVESTMENT,2022-03-14,87.81
INVESTMENT,2022-03-15,87.09
INVESTMENT,2022-03-16,86.58
INVESTMENT,2022-03-20,88.02
INVESTMENT,2022-03-21,88.94
INVESTMENT,2022-03-22,89.45
INVESTMENT,2022-03-23,88.64
INVESTMENT,2022-03-24,86.91
INVESTMENT,2022-03-27,85.55
INVESTMENT,2022-03-28,84.56
INVESTMENT,2022-03-29,84.47
INVESTMENT,2022-03-30,86.8
INVESTMENT,2022-03-31,86.14
INVESTMENT,2022-04-03,84.92
INVESTMENT,2022-04-04,84.5
INVESTMENT,2022-04-05,82.98
INVESTMENT,2022-04-06,81.67
INVESTMENT,2022-04-07,82.59
INVESTMENT,2022-04-11,80.65
INVESTMENT,2022-04-12,79.03
INVESTMENT,2022-04-13,79.6
INVESTMENT,2022-04-17,78.11
INVESTMENT,2022-04-18,76.54
INVESTMENT,2022-04-19,76.94
INVESTMENT,2022-04-20,75.78
INVESTMENT,2022-04-21,76.12
INVESTMENT,2022-04-24,80.45
INVESTMENT,2022-04-25,78.87
INVESTMENT,2022-04-26,77.78
INVESTMENT,2022-04-27,78.07
INVESTMENT,2022-04-28,77.13
INVESTMENT,2022-05-02,75.41
INVESTMENT,2022-05-04,74.33
INVESTMENT,2022-05-05,72.71
INVESTMENT,2022-05-08,74.2
INVESTMENT,2022-05-09,74.13
INVESTMENT,2022-05-10,75.83
INVESTMENT,2022-05-11,78.1
INVESTMENT,2022-05-12,76.74
INVESTMENT,2022-05-17,74.15
INVESTMENT,2022-05-18,74.64
INVESTMENT,2022-05-19,73.58
INVESTMENT,2022-05-20,72.96
INVESTMENT,2022-05-23,71.69
INVESTMENT,2022-05-24,72.04
INVESTMENT,2022-05-25,72.15
INVESTMENT,2022-05-26,72.39
INVESTMENT,2022-05-27,71.87
INVESTMENT,2022-05-30,70.27
INVESTMENT,2022-05-31,69.45
INVESTMENT,2022-06-01,69.32
INVESTMENT,2022-06-02,68.96
INVESTMENT,2022-06-03,67.64
INVESTMENT,2022-06-06,67.39
INVESTMENT,2022-06-07,65.88
INVESTMENT,2022-06-08,67.8
INVESTMENT,2022-06-09,67.38
INVESTMENT,2022-06-10,66.73
INVESTMENT,2022-06-13,65.81
INVESTMENT,2022-06-14,64.73
INVESTMENT,2022-06-15,63.16
INVESTMENT,2022-06-16,63.1
INVESTMENT,2022-06-17,62.73
INVESTMENT,2022-06-19,61.31
INVESTMENT,2022-06-20,59.6
INVESTMENT,2022-06-21,61.47
INVESTMENT,2022-06-22,60.43
INVESTMENT,2022-06-23,58.31
INVESTMENT,2022-06-24,58.57
INVESTMENT,2022-06-26,63.76
INVESTMENT,2022-06-27,64.4
INVESTMENT,2022-06-28,63.34
INVESTMENT,2022-06-29,65.13
INVESTMENT,2022-06-30,67.07
INVESTMENT,2022-07-01,66.48
INVESTMENT,2022-07-03,68.84
INVESTMENT,2022-07-04,68.79
INVESTMENT,2022-07-05,66.58
INVESTMENT,2022-07-06,66.96
INVESTMENT,2022-07-07,66.27
INVESTMENT,2022-07-08,64.85
INVESTMENT,2022-07-11,62.05
INVESTMENT,2022-07-12,62.66
INVESTMENT,2022-07-13,65.11
INVESTMENT,2022-07-14,65.09
INVESTMENT,2022-07-15,64.52
INVESTMENT,2022-07-17,65.11
INVESTMENT,2022-07-18,66.2
INVESTMENT,2022-07-19,66.55
INVESTMENT,2022-07-20,66.98
INVESTMENT,2022-07-21,66.32
INVESTMENT,2022-07-22,65.39
INVESTMENT,2022-07-24,67.49
INVESTMENT,2022-07-25,69.23
INVESTMENT,2022-07-26,67.46
INVESTMENT,2022-07-27,68.15
INVESTMENT,2022-07-28,70.16
INVESTMENT,2022-07-29,70.76
INVESTMENT,2022-07-31,74.13
INVESTMENT,2022-08-01,74.63
INVESTMENT,2022-08-02,74.19
INVESTMENT,2022-08-03,74.0
INVESTMENT,2022-08-04,72.4
INVESTMENT,2022-08-05,70.9
INVESTMENT,2022-08-07,71.17
INVESTMENT,2022-08-08,70.19
INVESTMENT,2022-08-09,68.87
INVESTMENT,2022-08-10,69.34
INVESTMENT,2022-08-11,68.1
INVESTMENT,2022-08-14,66.24
INVESTMENT,2022-08-15,68.1
INVESTMENT,2022-08-16,67.05
INVESTMENT,2022-08-17,66.91
INVESTMENT,2022-08-18,67.89
INVESTMENT,2022-08-21,67.36
INVESTMENT,2022-08-22,67.08
INVESTMENT,2022-08-23,67.08
INVESTMENT,2022-08-24,67.15
INVESTMENT,2022-08-25,66.63
INVESTMENT,2022-08-26,65.94
INVESTMENT,2022-08-28,64.32
INVESTMENT,2022-08-29,63.94
INVESTMENT,2022-08-30,64.13
INVESTMENT,2022-08-31,63.51
INVESTMENT,2022-09-01,63.4
INVESTMENT,2022-09-02,63.24
INVESTMENT,2022-09-04,63.31
INVESTMENT,2022-09-05,62.99
INVESTMENT,2022-09-06,62.19
INVESTMENT,2022-09-07,61.39
INVESTMENT,2022-09-08,61.4
INVESTMENT,2022-09-11,60.78
INVESTMENT,2022-09-12,60.36
INVESTMENT,2022-09-13,61.31
INVESTMENT,2022-09-14,62.88
INVESTMENT,2022-09-15,60.81
INVESTMENT,2022-09-16,60.05
INVESTMENT,2022-09-18,58.92
INVESTMENT,2022-09-20,57.09
INVESTMENT,2022-09-21,57.44
INVESTMENT,2022-09-22,57.09
INVESTMENT,2022-09-25,55.48
INVESTMENT,2022-09-27,55.71
INVESTMENT,2022-09-28,55.98
INVESTMENT,2022-09-29,56.78
INVESTMENT,2022-10-09,58.16
INVESTMENT,2022-10-10,57.38
INVESTMENT,2022-10-11,56.59
INVESTMENT,2022-10-12,56.8
INVESTMENT,2022-10-13,56.92
INVESTMENT,2022-10-16,55.96
INVESTMENT,2022-10-17,55.61
INVESTMENT,2022-10-19,55.08
INVESTMENT,2022-10-20,55.18
INVESTMENT,2022-10-23,55.6
INVESTMENT,2022-10-31,55.73
INVESTMENT,2022-11-01,58.05
INVESTMENT,2022-11-02,58.33
INVESTMENT,2022-11-03,57.95
INVESTMENT,2022-11-06,59.09
INVESTMENT,2022-11-07,59.1
INVESTMENT,2022-11-08,58.99
INVESTMENT,2022-11-09,57.34
INVESTMENT,2022-11-10,56.36
INVESTMENT,2022-11-13,55.98
INVESTMENT,2022-11-14,56.76
INVESTMENT,2022-11-15,56.65
INVESTMENT,2022-11-16,57.14
INVESTMENT,2022-11-17,57.84
INVESTMENT,2022-11-22,57.49
INVESTMENT,2022-11-23,57.16
INVESTMENT,2022-11-24,57.2
INVESTMENT,2022-11-27,57.93
INVESTMENT,2022-11-28,57.65
INVESTMENT,2022-11-29,57.58
INVESTMENT,2022-11-30,57.35
INVESTMENT,2022-12-01,57.32
INVESTMENT,2022-12-04,57.77
INVESTMENT,2022-12-05,57.16
INVESTMENT,2022-12-06,56.64
INVESTMENT,2022-12-07,56.48
INVESTMENT,2022-12-11,55.79
INVESTMENT,2022-12-12,56.08
INVESTMENT,2022-12-13,56.03
INVESTMENT,2022-12-14,56.07
INVESTMENT,2022-12-15,55.62
INVESTMENT,2022-12-18,55.13
INVESTMENT,2022-12-19,55.28
INVESTMENT,2022-12-20,55.39
INVESTMENT,2022-12-21,55.09
INVESTMENT,2022-12-22,54.98
INVESTMENT,2022-12-26,57.28
INVESTMENT,2022-12-27,60.96
INVESTMENT,2022-12-28,60.3
INVESTMENT,2022-12-29,62.05
INVESTMENT,2023-01-01,62.67
INVESTMENT,2023-01-02,62.81
INVESTMENT,2023-01-03,62.46
INVESTMENT,2023-01-04,66.04
INVESTMENT,2023-01-05,68.11
INVESTMENT,2023-01-08,69.39
INVESTMENT,2023-01-09,71.14
INVESTMENT,2023-01-10,70.3
INVESTMENT,2023-01-12,68.18
INVESTMENT,2023-01-17,70.16
INVESTMENT,2023-01-18,69.55
INVESTMENT,2023-01-19,70.79
INVESTMENT,2023-01-23,69.6
INVESTMENT,2023-01-24,69.16
INVESTMENT,2023-01-25,69.31
INVESTMENT,2023-01-26,69.37
INVESTMENT,2023-01-29,68.17
INVESTMENT,2023-01-30,66.29
INVESTMENT,2023-01-31,65.42
INVESTMENT,2023-02-01,65.06
INVESTMENT,2023-02-02,64.34
INVESTMENT,2023-02-05,64.6
INVESTMENT,2023-02-06,64.79
INVESTMENT,2023-02-07,68.84
INVESTMENT,2023-02-08,68.81
INVESTMENT,2023-02-09,69.47
INVESTMENT,2023-02-12,66.84
INVESTMENT,2023-02-14,66.16
INVESTMENT,2023-02-15,65.67
INVESTMENT,2023-02-16,64.85
INVESTMENT,2023-02-20,64.33
INVESTMENT,2023-02-22,65.96
INVESTMENT,2023-02-23,64.84
INVESTMENT,2023-02-26,65.23
INVESTMENT,2023-02-27,64.89
INVESTMENT,2023-02-28,65.56
INVESTMENT,2023-03-01,64.98
INVESTMENT,2023-03-02,64.05
INVESTMENT,2023-03-05,62.97
INVESTMENT,2023-03-07,63.67
INVESTMENT,2023-03-09,65.75
INVESTMENT,2023-03-12,64.7
INVESTMENT,2023-03-13,64.08
INVESTMENT,2023-03-14,64.52
INVESTMENT,2023-03-15,64.09
INVESTMENT,2023-03-16,64.31
INVESTMENT,2023-03-19,64.47
INVESTMENT,2023-03-20,65.6
INVESTMENT,2023-03-22,65.26
INVESTMENT,2023-03-23,64.45
INVESTMENT,2023-03-26,63.81
INVESTMENT,2023-03-27,64.33
INVESTMENT,2023-03-28,64.95
INVESTMENT,2023-03-29,65.09
INVESTMENT,2023-03-30,64.72
INVESTMENT,2023-04-02,63.97
INVESTMENT,2023-04-03,63.32
INVESTMENT,2023-04-04,63.3
INVESTMENT,2023-04-05,63.68
INVESTMENT,2023-04-06,63.05
INVESTMENT,2023-04-09,62.39
INVESTMENT,2023-04-10,62.48
INVESTMENT,2023-04-11,63.27
INVESTMENT,2023-04-12,65.96
INVESTMENT,2023-04-13,65.36
INVESTMENT,2023-04-16,65.13
INVESTMENT,2023-04-17,64.1
INVESTMENT,2023-04-18,63.74
INVESTMENT,2023-04-19,64.37
INVESTMENT,2023-04-20,63.62
INVESTMENT,2023-04-23,63.1
INVESTMENT,2023-04-24,63.03
INVESTMENT,2023-04-25,63.92
INVESTMENT,2023-04-26,63.07
INVESTMENT,2023-04-27,63.01
INVESTMENT,2023-04-30,62.67
INVESTMENT,2023-05-02,62.52
INVESTMENT,2023-05-03,62.43
INVESTMENT,2023-05-04,62.63
INVESTMENT,2023-05-07,61.93
INVESTMENT,2023-05-08,61.62
INVESTMENT,2023-05-09,62.11
INVESTMENT,2023-05-10,61.89
INVESTMENT,2023-05-11,61.88
INVESTMENT,2023-05-14,62.58
INVESTMENT,2023-05-15,62.52
INVESTMENT,2023-05-16,62.72
INVESTMENT,2023-05-17,63.42
INVESTMENT,2023-05-18,64.61
INVESTMENT,2023-05-21,64.83
INVESTMENT,2023-05-22,65.0
INVESTMENT,2023-05-23,66.83
INVESTMENT,2023-05-24,67.17
INVESTMENT,2023-05-28,66.95
INVESTMENT,2023-05-30,65.18
INVESTMENT,2023-05-31,63.7
INVESTMENT,2023-06-01,64.55
INVESTMENT,2023-06-04,66.17
INVESTMENT,2023-06-05,65.63
INVESTMENT,2023-06-06,66.29
INVESTMENT,2023-06-07,66.8
INVESTMENT,2023-06-08,67.34
INVESTMENT,2023-06-11,70.78
INVESTMENT,2023-06-12,70.72
INVESTMENT,2023-06-13,72.08
INVESTMENT,2023-06-14,71.76
INVESTMENT,2023-06-15,71.56
INVESTMENT,2023-06-18,72.6
INVESTMENT,2023-06-19,74.83
INVESTMENT,2023-06-20,75.38
INVESTMENT,2023-06-21,74.18
INVESTMENT,2023-06-22,73.9
INVESTMENT,2023-06-25,75.61
INVESTMENT,2023-06-26,75.76
INVESTMENT,2023-06-27,75.81
INVESTMENT,2023-06-28,74.34
INVESTMENT,2023-07-02,73.32
INVESTMENT,2023-07-03,72.77
INVESTMENT,2023-07-04,73.76
INVESTMENT,2023-07-05,72.16
INVESTMENT,2023-07-06,71.56
INVESTMENT,2023-07-09,73.1
INVESTMENT,2023-07-10,73.14
INVESTMENT,2023-07-11,72.75
INVESTMENT,2023-07-12,73.14
INVESTMENT,2023-07-13,72.59
INVESTMENT,2023-07-16,73.05
INVESTMENT,2023-07-17,74.31
INVESTMENT,2023-07-18,74.44
INVESTMENT,2023-07-19,74.18
INVESTMENT,2023-07-20,73.86
INVESTMENT,2023-07-23,76.42
INVESTMENT,2023-07-24,75.31
INVESTMENT,2023-07-25,74.28
INVESTMENT,2023-07-26,73.81
INVESTMENT,2023-07-27,72.85
INVESTMENT,2023-07-30,72.26
INVESTMENT,2023-07-31,72.36
INVESTMENT,2023-08-01,71.65
INVESTMENT,2023-08-02,71.66
INVESTMENT,2023-08-03,71.77
INVESTMENT,2023-08-06,70.89
INVESTMENT,2023-08-07,70.86
INVESTMENT,2023-08-08,70.35
INVESTMENT,2023-08-09,71.57
INVESTMENT,2023-08-10,71.7
INVESTMENT,2023-08-13,72.0
INVESTMENT,2023-08-14,71.83
INVESTMENT,2023-08-15,71.01
INVESTMENT,2023-08-16,70.66
INVESTMENT,2023-08-17,70.81
INVESTMENT,2023-08-20,70.12
INVESTMENT,2023-08-21,69.59
INVESTMENT,2023-08-22,70.18
INVESTMENT,2023-08-23,71.25
INVESTMENT,2023-08-24,70.36
INVESTMENT,2023-08-27,69.9
INVESTMENT,2023-08-28,70.11
INVESTMENT,2023-08-29,70.2
INVESTMENT,2023-08-30,70.07
INVESTMENT,2023-09-03,69.1
INVESTMENT,2023-09-04,69.14
INVESTMENT,2023-09-05,68.99
INVESTMENT,2023-09-07,68.16
INVESTMENT,2023-09-10,68.37
INVESTMENT,2023-09-11,69.75
INVESTMENT,2023-09-12,68.84
INVESTMENT,2023-09-13,70.01
INVESTMENT,2023-09-17,68.66
INVESTMENT,2023-09-18,68.76
INVESTMENT,2023-09-19,69.3
INVESTMENT,2023-09-21,71.03
INVESTMENT,2023-09-24,69.87
INVESTMENT,2023-09-25,69.21
INVESTMENT,2023-09-26,69.98
INVESTMENT,2023-09-27,69.12
INVESTMENT,2023-10-01,68.13
INVESTMENT,2023-10-02,68.16
INVESTMENT,2023-10-03,67.51
INVESTMENT,2023-10-04,67.75
INVESTMENT,2023-10-05,67.43
INVESTMENT,2023-10-08,66.07
INVESTMENT,2023-10-09,65.83
INVESTMENT,2023-10-10,65.43
INVESTMENT,2023-10-11,65.44
INVESTMENT,2023-10-12,65.01
INVESTMENT,2023-10-16,64.17
INVESTMENT,2023-10-17,64.46
INVESTMENT,2023-10-18,65.9
INVESTMENT,2023-10-19,66.02
INVESTMENT,2023-10-29,64.94
INVESTMENT,2023-10-30,65.11
INVESTMENT,2023-10-31,64.72
INVESTMENT,2023-11-01,64.77
INVESTMENT,2023-11-02,64.6
INVESTMENT,2023-11-05,63.84
INVESTMENT,2023-11-06,64.73
INVESTMENT,2023-11-07,65.71
INVESTMENT,2023-11-08,65.42
INVESTMENT,2023-11-09,65.0
INVESTMENT,2023-11-20,65.48
INVESTMENT,2023-11-21,65.1
INVESTMENT,2023-11-22,65.93
INVESTMENT,2023-11-23,66.2
INVESTMENT,2023-11-26,67.47
INVESTMENT,2023-11-27,67.8
INVESTMENT,2023-11-28,67.64
INVESTMENT,2023-11-29,67.36
INVESTMENT,2023-11-30,66.78
INVESTMENT,2023-12-03,66.54
INVESTMENT,2023-12-04,66.24
INVESTMENT,2023-12-05,65.89
INVESTMENT,2023-12-06,65.9
INVESTMENT,2023-12-07,66.45
INVESTMENT,2023-12-10,70.77
INVESTMENT,2023-12-11,69.81
INVESTMENT,2023-12-12,71.21
INVESTMENT,2023-12-13,71.39
INVESTMENT,2023-12-14,71.27
INVESTMENT,2023-12-17,73.5
INVESTMENT,2023-12-18,75.79
INVESTMENT,2023-12-19,77.63
INVESTMENT,2023-12-20,83.01
INVESTMENT,2023-12-21,81.65
INVESTMENT,2023-12-24,78.47
INVESTMENT,2023-12-27,77.24
INVESTMENT,2023-12-28,77.81
INVESTMENT,2024-01-01,78.65
INVESTMENT,2024-01-02,78.5
INVESTMENT,2024-01-03,80.18
INVESTMENT,2024-01-04,81.07
INVESTMENT,2024-01-07,79.5
INVESTMENT,2024-01-08,81.57
INVESTMENT,2024-01-09,82.59
INVESTMENT,2024-01-10,82.06
INVESTMENT,2024-01-11,81.35
INVESTMENT,2024-01-14,82.36
INVESTMENT,2024-01-16,85.42
INVESTMENT,2024-01-17,84.33
INVESTMENT,2024-01-18,83.69
INVESTMENT,2024-01-21,82.05
INVESTMENT,2024-01-22,80.53
INVESTMENT,2024-01-23,80.82
INVESTMENT,2024-01-24,79.49
INVESTMENT,2024-01-25,78.99
INVESTMENT,2024-01-28,79.73
INVESTMENT,2024-01-29,80.51
INVESTMENT,2024-01-30,81.03
INVESTMENT,2024-01-31,79.98
INVESTMENT,2024-02-01,78.95
INVESTMENT,2024-02-04,79.03
INVESTMENT,2024-02-05,79.42
INVESTMENT,2024-02-06,79.59
INVESTMENT,2024-02-07,79.9
INVESTMENT,2024-02-08,80.03
INVESTMENT,2024-02-11,79.81
INVESTMENT,2024-02-12,80.8
INVESTMENT,2024-02-13,79.13
INVESTMENT,2024-02-14,78.97
INVESTMENT,2024-02-15,78.51
INVESTMENT,2024-02-18,77.3
INVESTMENT,2024-02-20,77.44
INVESTMENT,2024-02-21,77.05
INVESTMENT,2024-02-22,75.86
INVESTMENT,2024-02-25,74.44
INVESTMENT,2024-02-26,75.16
INVESTMENT,2024-02-27,75.1
INVESTMENT,2024-02-28,75.89
INVESTMENT,2024-02-29,74.72
INVESTMENT,2024-03-03,74.32
INVESTMENT,2024-03-04,79.07
INVESTMENT,2024-03-05,76.32
INVESTMENT,2024-03-06,76.64
INVESTMENT,2024-03-07,76.99
INVESTMENT,2024-03-10,77.96
INVESTMENT,2024-03-12,79.42
INVESTMENT,2024-03-13,79.36
INVESTMENT,2024-03-14,78.3
INVESTMENT,2024-03-17,77.83
INVESTMENT,2024-03-18,77.48
INVESTMENT,2024-03-19,77.16
INVESTMENT,2024-03-20,76.87
INVESTMENT,2024-03-21,76.29
INVESTMENT,2024-03-25,76.01
INVESTMENT,2024-03-26,76.35
INVESTMENT,2024-03-27,75.83
INVESTMENT,2024-03-28,76.46
INVESTMENT,2024-03-31,75.85
INVESTMENT,2024-04-01,75.46
INVESTMENT,2024-04-02,75.5
INVESTMENT,2024-04-03,75.36
INVESTMENT,2024-04-04,75.12
INVESTMENT,2024-04-07,75.57
INVESTMENT,2024-04-09,76.1
INVESTMENT,2024-04-10,75.79
INVESTMENT,2024-04-14,75.17
INVESTMENT,2024-04-15,74.94
INVESTMENT,2024-04-16,74.49
INVESTMENT,2024-04-18,73.85
INVESTMENT,2024-04-21,74.48
INVESTMENT,2024-04-22,74.03
INVESTMENT,2024-04-24,73.85
INVESTMENT,2024-04-25,73.62
INVESTMENT,2024-04-28,73.95
INVESTMENT,2024-04-29,73.94
INVESTMENT,2024-04-30,74.78
INVESTMENT,2024-05-02,74.63
INVESTMENT,2024-05-05,73.63
INVESTMENT,2024-05-06,73.18
INVESTMENT,2024-05-07,72.82
INVESTMENT,2024-05-08,72.46
INVESTMENT,2024-05-09,72.63
INVESTMENT,2024-05-12,72.74
INVESTMENT,2024-05-13,74.23
INVESTMENT,2024-05-14,75.05
INVESTMENT,2024-05-15,74.52
INVESTMENT,2024-05-16,74.39
INVESTMENT,2024-05-19,75.36
INVESTMENT,2024-05-20,76.75
INVESTMENT,2024-05-21,77.45
INVESTMENT,2024-05-22,77.3
INVESTMENT,2024-05-26,76.21
INVESTMENT,2024-05-27,77.59
INVESTMENT,2024-05-29,76.94
INVESTMENT,2024-05-30,76.04
INVESTMENT,2024-06-02,75.87
INVESTMENT,2024-06-03,75.74
INVESTMENT,2024-06-04,76.27
INVESTMENT,2024-06-05,76.28
INVESTMENT,2024-06-06,76.65
INVESTMENT,2024-06-09,76.98
INVESTMENT,2024-06-10,77.1
INVESTMENT,2024-06-11,77.94
INVESTMENT,2024-06-12,78.03
INVESTMENT,2024-06-13,77.53
INVESTMENT,2024-06-16,76.89
INVESTMENT,2024-06-18,76.26
INVESTMENT,2024-06-19,76.12
INVESTMENT,2024-06-20,76.0
INVESTMENT,2024-06-23,75.53
INVESTMENT,2024-06-24,75.34
INVESTMENT,2024-06-25,76.62
INVESTMENT,2024-06-26,75.92
INVESTMENT,2024-06-27,75.76
INVESTMENT,2024-06-30,75.26
INVESTMENT,2024-07-01,75.34
INVESTMENT,2024-07-02,77.08
INVESTMENT,2024-07-03,77.22
INVESTMENT,2024-07-04,78.69
INVESTMENT,2024-07-07,80.23
INVESTMENT,2024-07-08,79.91
INVESTMENT,2024-07-09,80.2
INVESTMENT,2024-07-10,80.72
INVESTMENT,2024-07-11,81.14
INVESTMENT,2024-07-14,82.19
INVESTMENT,2024-07-15,83.59
INVESTMENT,2024-07-16,86.13
INVESTMENT,2024-07-17,87.45
INVESTMENT,2024-07-18,88.23
INVESTMENT,2024-07-21,90.59
INVESTMENT,2024-07-22,90.17
INVESTMENT,2024-07-23,93.66
INVESTMENT,2024-07-24,92.88
INVESTMENT,2024-07-25,92.19
INVESTMENT,2024-07-28,97.54
INVESTMENT,2024-07-29,96.96
INVESTMENT,2024-07-30,100.03
INVESTMENT,2024-07-31,106.93
INVESTMENT,2024-08-01,109.87
INVESTMENT,2024-08-05,113.74
INVESTMENT,2024-08-06,106.49
INVESTMENT,2024-08-07,110.64
INVESTMENT,2024-08-08,112.12
INVESTMENT,2024-08-11,116.75
INVESTMENT,2024-08-12,116.52
INVESTMENT,2024-08-13,116.62
INVESTMENT,2024-08-14,119.52
INVESTMENT,2024-08-15,122.74
INVESTMENT,2024-08-18,121.95
INVESTMENT,2024-08-21,122.11
INVESTMENT,2024-08-22,120.78
INVESTMENT,2024-08-25,116.15
INVESTMENT,2024-08-27,111.34
INVESTMENT,2024-08-28,112.47
INVESTMENT,2024-08-29,111.35
INVESTMENT,2024-09-01,109.87
INVESTMENT,2024-09-02,115.87
INVESTMENT,2024-09-03,115.55
INVESTMENT,2024-09-04,111.43
INVESTMENT,2024-09-05,109.91
INVESTMENT,2024-09-08,109.32
INVESTMENT,2024-09-09,108.94
INVESTMENT,2024-09-10,108.36
INVESTMENT,2024-09-11,107.06
INVESTMENT,2024-09-12,111.05
INVESTMENT,2024-09-15,107.94
INVESTMENT,2024-09-16,105.2
INVESTMENT,2024-09-18,104.72
INVESTMENT,2024-09-22,105.37
INVESTMENT,2024-09-23,102.48
INVESTMENT,2024-09-24,99.36
INVESTMENT,2024-09-25,100.92
INVESTMENT,2024-09-26,99.2
INVESTMENT,2024-09-29,97.81
INVESTMENT,2024-09-30,100.22
INVESTMENT,2024-10-01,106.34
INVESTMENT,2024-10-02,104.71
INVESTMENT,2024-10-06,106.8
INVESTMENT,2024-10-07,108.36
INVESTMENT,2024-10-08,106.79
INVESTMENT,2024-10-09,106.55
INVESTMENT,2024-10-15,108.17
INVESTMENT,2024-10-16,108.93
INVESTMENT,2024-10-17,109.71
INVESTMENT,2024-10-20,107.63
INVESTMENT,2024-10-21,104.92
INVESTMENT,2024-10-22,105.89
INVESTMENT,2024-10-23,105.51
INVESTMENT,2024-10-24,104.53
INVESTMENT,2024-10-27,104.35
INVESTMENT,2024-10-28,105.26
INVESTMENT,2024-10-29,106.7
INVESTMENT,2024-10-30,105.19
INVESTMENT,2024-11-05,105.14
INVESTMENT,2024-11-06,104.75
INVESTMENT,2024-11-10,107.44
INVESTMENT,2024-11-11,108.82
INVESTMENT,2024-11-12,108.44
INVESTMENT,2024-11-13,107.23
INVESTMENT,2024-11-14,107.19
INVESTMENT,2024-11-17,107.38
INVESTMENT,2024-11-19,105.29
INVESTMENT,2024-11-20,105.5
INVESTMENT,2024-11-21,104.55
INVESTMENT,2024-11-24,104.64
INVESTMENT,2024-11-25,105.74
INVESTMENT,2024-11-26,106.94
INVESTMENT,2024-11-27,107.79
INVESTMENT,2024-11-28,106.85
INVESTMENT,2024-12-01,105.61
INVESTMENT,2024-12-02,106.26
INVESTMENT,2024-12-03,105.81
